{
    "lr": 0.0022523801415294, 
    "batch_size": 16, 
    "dropout": 0.3428370550571851
}